USE BookStore;
INSERT INTO BOOK (
  ISBN, PRICE, Title, Author, Genre, Translator, Illustrator, PublicationDate, Edition, NumberOfPrinting, Stock
) VALUES
('9787558714971', 420, 'The Scum Villain''s Self-Saving System', 'Mo Xiang Tong Xiu', 'BL', 'Sasithorn Phasuk', 'Pang Tida', '2018-06-15', '1st', 3, 120),
('9787559631118', 450, 'Heaven Official''s Blessing', 'Mo Xiang Tong Xiu', 'BL', 'Warinthip Sukjai', 'Nattapong S.', '2017-03-21', '1st', 4, 90),
('9787301621579', 430, 'Grandmaster of Demonic Cultivation', 'Mo Xiang Tong Xiu', 'BL', 'Prangthip Wattanakul', 'Beam C.', '2016-10-31', '1st', 5, 150),
('9786164432887', 330, 'TharnType: The Story', 'MAME', 'Thai BL', NULL, 'Bua P.', '2019-01-15', '1st', 3, 120),
('9786164432877', 320, 'Love by Chance', 'MAME', 'Thai BL', NULL, 'June A.', '2018-08-03', '1st', 5, 130),
('9786161234567', 340, 'Until We Meet Again', 'Lazysheep', 'Thai BL', NULL, 'Beam C.', '2018-05-10', '1st', 5, 160),
('9786169990012', 360, 'Hemp Rope', 'Lazysheep', 'Thai BL', NULL, 'Mint R.', '2019-08-20', '1st', 3, 140),
('9784040687238', 430, 'I Want to Eat Your Pancreas', 'Yoru Sumino', 'Romance', NULL, 'Kawin T.', '2015-06-20', '1st', 4, 110),
('9784105274079', 480, 'Out', 'Natsuo Kirino', 'Mystery', NULL, 'Noey L.', '1997-10-15', '1st', 3, 80),
('9780143127741', 400, 'The Nightingale', 'Kristin Hannah', 'Historical Fiction', NULL, 'Fah K.', '2015-02-03', '1st', 2, 75),
('9781408855652', 390, 'Harry Potter and the Philosopher''s Stone', 'J.K. Rowling', 'Fantasy', NULL, 'Jim Kay', '1997-06-26', '1st', 12, 500),
('9781501105791', 350, 'It Ends With Us', 'Colleen Hoover', 'Romance', NULL, 'N/A', '2016-08-02', '1st', 7, 300),
('9780061120084', 360, 'To Kill a Mockingbird', 'Harper Lee', 'Literary Fiction', NULL, 'N/A', '1960-07-11', '1st', 15, 450),
('9780439064873', 420, 'Harry Potter and the Chamber of Secrets', 'J.K. Rowling', 'Fantasy', NULL, 'Jim Kay', '1998-07-02', '1st', 10, 460),
('9781632363216', 270, 'Attack on Titan Vol. 1', 'Hajime Isayama', 'Manga', 'N/A', 'N/A', '2009-03-17', '1st', 4, 180),
('9781974700523', 280, 'My Hero Academia Vol. 1', 'Kohei Horikoshi', 'Manga', NULL, 'N/A', '2014-11-04', '1st', 5, 200),
('9781506702712', 290, 'Tokyo Ghoul Vol. 1', 'Sui Ishida', 'Manga', NULL, 'N/A', '2012-09-21', '1st', 5, 170),
('9781593279509', 350, 'Python Crash Course', 'Eric Matthes', 'Programming', NULL, 'N/A', '2015-11-01', '1st', 3, 95),
('9780345803481', 360, 'Fifty Shades of Grey', 'E. L. James', 'Romance', NULL, 'N/A', '2011-06-20', '1st', 6, 220),
('9780060850524', 370, 'American Gods', 'Neil Gaiman', 'Fantasy', NULL, 'N/A', '2001-06-19', '1st', 8, 310),
('9787558714972', 420, 'The Scum Villain''s Self-Saving System Vol. 2', 'Mo Xiang Tong Xiu', 'BL', 'Sasithorn Phasuk', 'Pang Tida', '2019-01-10', '1st', 2, 100),
('9787558714973', 420, 'The Scum Villain''s Self-Saving System Vol. 3', 'Mo Xiang Tong Xiu', 'BL', 'Sasithorn Phasuk', 'Pang Tida', '2019-06-20', '1st', 2, 95),
('9781408855676', 410, 'Harry Potter and the Prisoner of Azkaban Vol. 3', 'J.K. Rowling', 'Fantasy', NULL, 'Jim Kay', '1999-07-08', '1st', 8, 440),
('9781408855683', 420, 'Harry Potter and the Goblet of Fire Vol. 4', 'J.K. Rowling', 'Fantasy', NULL, 'Jim Kay', '2000-07-08', '1st', 7, 430),
('9781408855690', 430, 'Harry Potter and the Order of the Phoenix Vol. 5', 'J.K. Rowling', 'Fantasy', NULL, 'Jim Kay', '2003-06-21', '1st', 6, 420),
('9781638581958', 300, 'Re:Zero - Starting Life in Another World Vol. 1', 'Tappei Nagatsuki', 'Light Novel', 'Naoya Takayama', 'Shinichiro Otsuka', '2012-01-24', '1st', 5, 260),
('9781638581965', 310, 'Re:Zero - Starting Life in Another World Vol. 2', 'Tappei Nagatsuki', 'Light Novel', 'Naoya Takayama', 'Shinichiro Otsuka', '2012-06-20', '1st', 4, 250),
('9781974700714', 270, 'Demon Slayer: Kimetsu no Yaiba Vol. 1', 'Koyoharu Gotouge', 'Manga', NULL, 'N/A', '2016-06-03', '1st', 4, 230),
('9781974700721', 275, 'Demon Slayer: Kimetsu no Yaiba Vol. 2', 'Koyoharu Gotouge', 'Manga', NULL, 'N/A', '2016-09-02', '1st', 3, 220),
('9780062315007', 360, 'A Court of Thorns and Roses', 'Sarah J. Maas', 'Fantasy', NULL, 'N/A', '2015-05-05', '1st', 6, 300),
('9780062315014', 370, 'A Court of Mist and Fury', 'Sarah J. Maas', 'Fantasy', NULL, 'N/A', '2016-05-03', '1st', 5, 280),
('9780062315021', 380, 'A Court of Wings and Ruin', 'Sarah J. Maas', 'Fantasy', NULL, 'N/A', '2017-05-02', '1st', 4, 260),
('9780062315038', 390, 'A Court of Frost and Starlight', 'Sarah J. Maas', 'Fantasy', NULL, 'N/A', '2018-05-01', '1st', 3, 240),
('9781974700738', 290, 'Demon Slayer: Kimetsu no Yaiba Vol. 3', 'Koyoharu Gotouge', 'Manga', NULL, 'N/A', '2016-12-02', '1st', 4, 210),
('9781974700745', 295, 'Demon Slayer: Kimetsu no Yaiba Vol. 4', 'Koyoharu Gotouge', 'Manga', NULL, 'N/A', '2017-03-03', '1st', 3, 205),
('9781632364210', 300, 'Classroom of the Elite Vol. 1', 'Syougo Kinugasa', 'Light Novel', 'Naoya Takayama', 'Tomoseshunsaku', '2015-05-25', '1st', 4, 270),
('9781632364227', 310, 'Classroom of the Elite Vol. 2', 'Syougo Kinugasa', 'Light Novel', 'Naoya Takayama', 'Tomoseshunsaku', '2015-08-25', '1st', 4, 260),
('9781632364234', 315, 'Classroom of the Elite Vol. 3', 'Syougo Kinugasa', 'Light Novel', 'Naoya Takayama', 'Tomoseshunsaku', '2015-11-25', '1st', 3, 250),
('9781638581970', 320, '86 - Eighty-Six Vol. 1', 'Asato Asato', 'Light Novel', 'N/A', 'Shirabii', '2017-02-10', '1st', 3, 240),
('9781638581987', 325, '86 - Eighty-Six Vol. 2', 'Asato Asato', 'Light Novel', 'N/A', 'Shirabii', '2017-07-10', '1st', 3, 230),
('9781632364218', 300, 'Spy x Family Vol. 1', 'Tatsuya Endo', 'Manga', NULL, 'N/A', '2019-07-02', '1st', 3, 220),
('9781974709930', 290, 'Chainsaw Man Vol. 1', 'Tatsuki Fujimoto', 'Manga', NULL, 'N/A', '2019-10-01', '1st', 3, 215),
('9780062941503', 380, 'The Song of Achilles', 'Madeline Miller', 'Fiction', NULL, 'N/A', '2011-09-20', '1st', 8, 270),
('9780062358202', 370, 'Circe', 'Madeline Miller', 'Fiction', NULL, 'N/A', '2018-04-10', '1st', 7, 265),
('9780062457738', 350, 'They Both Die at the End', 'Adam Silvera', 'Fiction', NULL, 'N/A', '2017-09-05', '1st', 5, 260),
('9781250169440', 360, 'What If It''s Us', 'Adam Silvera & Becky Albertalli', 'Romance', NULL, 'N/A', '2018-10-09', '1st', 5, 255),
('9781250145772', 370, 'Here''s to Us', 'Adam Silvera & Becky Albertalli', 'Romance', NULL, 'N/A', '2021-12-28', '1st', 3, 240),
('9780375704024', 340, 'Norwegian Wood', 'Haruki Murakami', 'Fiction', NULL, 'N/A', '1987-09-04', '1st', 12, 320),
('9781250168344', 360, 'Call Me by Your Name', 'André Aciman', 'Romance', NULL, 'N/A', '2007-01-23', '1st', 6, 280),
('9781250169457', 365, 'Find Me', 'André Aciman', 'Romance', NULL, 'N/A', '2019-10-29', '1st', 4, 275),
('9781501161933', 370, 'The Seven Husbands of Evelyn Hugo', 'Taylor Jenkins Reid', 'Fiction', NULL, 'N/A', '2017-06-13', '1st', 7, 300),
('9781442408937', 340, 'Aristotle and Dante Discover the Secrets of the Universe', 'Benjamin Alire Sáenz', 'Fiction', NULL, 'N/A', '2012-02-21', '1st', 6, 280),
('9781534496194', 350, 'Aristotle and Dante Dive into the Waters of the World', 'Benjamin Alire Sáenz', 'Fiction', NULL, 'N/A', '2021-10-12', '1st', 4, 260),
('9780062315008', 360, 'We Were Liars', 'E. Lockhart', 'Fiction', NULL, 'N/A', '2014-05-13', '1st', 6, 290),
('9781524763138', 365, 'One of Us Is Lying', 'Karen M. McManus', 'Mystery', NULL, 'N/A', '2017-05-30', '1st', 5, 270),
('9780593483480', 360, 'One of Us Is Next', 'Karen M. McManus', 'Mystery', NULL, 'N/A', '2020-01-07', '1st', 4, 260),
('9780063076090', 370, 'Nothing More to Tell', 'Karen M. McManus', 'Mystery', NULL, 'N/A', '2022-08-30', '1st', 3, 250),
('9781501173219', 355, 'It Starts With Us', 'Colleen Hoover', 'Romance', NULL, 'N/A', '2022-10-18', '1st', 4, 320),
('9780593200730', 340, 'You''ve Reached Sam', 'Dustin Thao', 'Fiction', NULL, 'N/A', '2021-11-09', '1st', 4, 300),
('9781982149461', 345, 'People We Meet on Vacation', 'Emily Henry', 'Romance', NULL, 'N/A', '2021-05-11', '1st', 4, 310),
('9781648279175', 370, 'The Husky and His White Cat Shizun Vol. 1', 'Rou Bao Bu Chi Rou', 'BL', 'Sasithorn Phasuk', 'N/A', '2017-05-01', '1st', 3, 220),
('9781648279182', 380, 'The Husky and His White Cat Shizun Vol. 2', 'Rou Bao Bu Chi Rou', 'BL', 'Sasithorn Phasuk', 'N/A', '2017-09-01', '1st', 3, 210),
('9781648279199', 390, 'The Husky and His White Cat Shizun Vol. 3', 'Rou Bao Bu Chi Rou', 'BL', 'Sasithorn Phasuk', 'N/A', '2018-01-01', '1st', 2, 200),
('9780804172707', 360, 'Kafka on the Shore', 'Haruki Murakami', 'Fiction', NULL, 'N/A', '2002-09-12', '1st', 10, 350),
('9780307476463', 390, '1Q84', 'Haruki Murakami', 'Fiction', NULL, 'N/A', '2009-05-29', '1st', 8, 330),
('9780316229296', 345, 'Your Name', 'Makoto Shinkai', 'Romance', NULL, 'N/A', '2016-10-28', '1st', 4, 300),
('9780593181189', 355, 'Before the Coffee Gets Cold', 'Toshikazu Kawaguchi', 'Fiction', NULL, 'N/A', '2015-12-20', '1st', 5, 310),
('9780593135205', 365, 'Before the Coffee Gets Cold: Tales from the Cafe', 'Toshikazu Kawaguchi', 'Fiction', NULL, 'N/A', '2017-09-10', '1st', 4, 290),
('9781645059541', 350, 'Grandmaster of Demonic Cultivation: Mo Dao Zu Shi Vol. 1', 'Mo Xiang Tong Xiu', 'BL', 'Prangthip Wattanakul', 'N/A', '2015-12-12', '1st', 4, 270),
('9781645059558', 355, 'Grandmaster of Demonic Cultivation: Mo Dao Zu Shi Vol. 2', 'Mo Xiang Tong Xiu', 'BL', 'Prangthip Wattanakul', 'N/A', '2016-03-12', '1st', 4, 260),
('9781250047434', 370, 'To the Sky Kingdom', 'Tang Qi Gong Zi', 'Romance', 'Chanya Rattanasuk', 'N/A', '2015-01-05', '1st', 4, 280),
('9781250098931', 360, 'The Golden Age', 'Wang Xiaobo', 'Fiction', 'Wanwisa Chaisiri', 'N/A', '1992-05-12', '1st', 3, 300),
('9781638586149', 380, 'Guardian Vol. 1', 'Priest', 'BL', 'Sasithorn Phasuk', 'N/A', '2014-06-20', '1st', 3, 220),
('9781638586156', 385, 'Guardian Vol. 2', 'Priest', 'BL', 'Sasithorn Phasuk', 'N/A', '2015-03-20', '1st', 3, 210),
('9781250067876', 370, 'The Devotion of Suspect X', 'Keigo Higashino', 'Mystery', 'N/A', 'N/A', '2005-08-29', '1st', 5, 270),
('9780385352109', 365, 'Colorless Tsukuru Tazaki and His Years of Pilgrimage', 'Haruki Murakami', 'Fiction', NULL, 'N/A', '2013-04-12', '1st', 6, 260),
('9780307744433', 350, 'The Wind-Up Bird Chronicle', 'Haruki Murakami', 'Fiction', NULL, 'N/A', '1994-06-02', '1st', 8, 340),
('9780062315001', 340, 'All the Light We Cannot See', 'Anthony Doerr', 'Fiction', NULL, 'N/A', '2014-05-06', '1st', 7, 320),
('9780143039433', 330, 'Never Let Me Go', 'Kazuo Ishiguro', 'Fiction', NULL, 'N/A', '2005-03-03', '1st', 5, 310),
('9780307277672', 345, 'The Remains of the Day', 'Kazuo Ishiguro', 'Fiction', NULL, 'N/A', '1989-05-06', '1st', 8, 330),
('9786161834123', 340, 'The Happiness of Kati', 'Jane Vejjajiva', 'Fiction', NULL, 'N/A', '2003-07-12', '1st', 5, 300),
('9789744753082', 350, 'Time in a Bottle', 'Win Lyovarin', 'Fiction', NULL, 'N/A', '2001-05-01', '1st', 4, 280),
('9786168131010', 320, 'Silhouette of the Sun', 'Prayoon Chanyavong', 'Romance', NULL, 'N/A', '2010-06-10', '1st', 4, 270),
('9786169314726', 360, 'Love Beyond the Mekong', 'Ploychompoo Nithisorn', 'Romance', NULL, 'N/A', '2018-08-22', '1st', 3, 250),
('9786164972006', 370, 'Until We Meet Again', 'Lazysheep', 'BL', 'N/A', 'N/A', '2015-02-14', '1st', 3, 240),
('9786164972013', 365, 'Love Mechanics Vol. 1', 'Faddist', 'BL', 'N/A', 'N/A', '2016-04-01', '1st', 3, 230),
('9786164972020', 370, 'Love Mechanics Vol. 2', 'Faddist', 'BL', 'N/A', 'N/A', '2017-01-20', '1st', 3, 225),
('9786164972037', 355, 'Theory of Love', 'JittiRain', 'BL', 'N/A', 'N/A', '2017-09-10', '1st', 3, 240),
('9786164972044', 360, '2gether: The Series', 'JittiRain', 'BL', 'N/A', 'N/A', '2018-11-14', '1st', 3, 250),
('9786164972051', 350, 'I Told Sunset About You', 'Napat Ratanaporn', 'BL', 'N/A', 'N/A', '2020-05-19', '1st', 3, 260),
('9786168131110', 340, 'Paper Moon', 'Sasithorn Chavalit', 'Fiction', NULL, 'N/A', '2020-08-22', '1st', 4, 270),
('9786168131127', 345, 'Whisper of the Jasmine', 'Rintra Worasiri', 'Romance', NULL, 'N/A', '2021-03-10', '1st', 4, 260),
('9786168131134', 355, 'Bangkok Noir', 'Christopher G. Moore', 'Mystery', NULL, 'N/A', '2011-09-20', '1st', 5, 280),
('9786168131141', 340, 'Shadow on the Chao Phraya', 'Chanachai Srikulwong', 'Mystery', NULL, 'N/A', '2022-01-15', '1st', 4, 250),
('9786168131158', 330, 'River of Echoes', 'Rattana Phayomyong', 'Fiction', NULL, 'N/A', '2019-06-18', '1st', 4, 240),
('9786168131165', 350, 'A Tale from Ayutthaya', 'Nantawan Ploysri', 'Historical', NULL, 'N/A', '2016-04-12', '1st', 4, 270),
('9786168131172', 345, 'The Memory We Share', 'Pimchanok Saensuk', 'Romance', NULL, 'N/A', '2021-09-01', '1st', 4, 260),
('9786168131189', 355, 'Love Letter in the Rain', 'Thanapon Thongchai', 'Romance', NULL, 'N/A', '2020-02-14', '1st', 4, 255),
('9786168131196', 365, 'The Last Winter', 'Kanyarat Tansakul', 'Fiction', NULL, 'N/A', '2019-12-01', '1st', 4, 260),
('9786168131202', 360, 'Threads of Destiny', 'Supakorn Intanon', 'Romance', NULL, 'N/A', '2022-04-22', '1st', 4, 250);







INSERT INTO E_BOOK (
  ISBN, PRICE, Title, Author, Genre, Translator, Illustrator, PublicationDate, Edition, NumberOfPrinting, ContractExpirationDate
) VALUES
('9787558714970', 310, 'The Scum Villain''s Self-Saving System', 'Mo Xiang Tong Xiu', 'BL', 'Sasithorn Phasuk', 'Pang Tida', '2018-06-15', '1st', 1, 20301231),
('9787559631110', 340, 'Heaven Official''s Blessing', 'Mo Xiang Tong Xiu', 'BL', 'Warinthip Sukjai', 'Nattapong S.', '2017-03-21', '1st', 1, 20291231),
('9787301621570', 320, 'Grandmaster of Demonic Cultivation', 'Mo Xiang Tong Xiu', 'BL', 'Prangthip Wattanakul', 'Beam C.', '2016-10-31', '1st', 1, 20281231),
('9786164432880', 245, 'TharnType: The Story', 'MAME', 'Thai BL', NULL, 'Bua P.', '2019-01-15', '1st', 1, 20281231),
('9786164432870', 240, 'Love by Chance', 'MAME', 'Thai BL', NULL, 'June A.', '2018-08-03', '1st', 1, 20281231),
('9786161234560', 250, 'Red Thread / Until We Meet Again', 'Lazysheep', 'Thai BL', NULL, 'Beam C.', '2018-05-10', '1st', 1, 20281231),
('9786169990010', 260, 'Hemp Rope', 'Lazysheep', 'Thai BL', NULL, 'Mint R.', '2019-08-20', '1st', 1, 20281231),
('9784040687230', 305, 'I Want to Eat Your Pancreas', 'Yoru Sumino', 'Romance', NULL, 'Kawin T.', '2015-06-20', '1st', 1, 20271231),
('9784105274070', 340, 'Out', 'Natsuo Kirino', 'Mystery', NULL, 'Noey L.', '1997-10-15', '1st', 1, 20281231),
('9780143127740', 300, 'The Nightingale', 'Kristin Hannah', 'Historical Fiction', NULL, 'Fah K.', '2015-02-03', '1st', 1, 20281231),
('9781408855650', 280, 'Harry Potter and the Philosopher''s Stone', 'J.K. Rowling', 'Fantasy', NULL, 'Jim Kay', '1997-06-26', '1st', 1, 20291231),
('9781501105790', 270, 'It Ends With Us', 'Colleen Hoover', 'Romance', NULL, 'N/A', '2016-08-02', '1st', 1, 20291231),
('9780061120080', 280, 'To Kill a Mockingbird', 'Harper Lee', 'Literary Fiction', NULL, 'N/A', '1960-07-11', '1st', 1, 20301231),
('9780439064870', 310, 'Harry Potter and the Chamber of Secrets', 'J.K. Rowling', 'Fantasy', NULL, 'Jim Kay', '1998-07-02', '1st', 1, 20281231),
('9781632363210', 190, 'Attack on Titan Vol. 1', 'Hajime Isayama', 'Manga', 'N/A', 'N/A', '2009-03-17', '1st', 1, 20281231),
('9781974700520', 200, 'My Hero Academia Vol. 1', 'Kohei Horikoshi', 'Manga', NULL, 'N/A', '2014-11-04', '1st', 1, 20281231),
('9781506702710', 210, 'Tokyo Ghoul Vol. 1', 'Sui Ishida', 'Manga', NULL, 'N/A', '2012-09-21', '1st', 1, 20281231),
('9781593279500', 250, 'Python Crash Course', 'Eric Matthes', 'Programming', NULL, 'N/A', '2015-11-01', '1st', 1, 20291231),
('9780345803480', 260, 'Fifty Shades of Grey', 'E. L. James', 'Romance', NULL, 'N/A', '2011-06-20', '1st', 1, 20281231),
('9780060850520', 270, 'American Gods', 'Neil Gaiman', 'Fantasy', NULL, 'N/A', '2001-06-19', '1st', 1, 20281231),
('9787558714975', 310, 'The Scum Villain''s Self-Saving System Vol. 2', 'Mo Xiang Tong Xiu', 'BL', 'Sasithorn Phasuk', 'Pang Tida', '2019-01-10', '1st', 1, 20291231),
('9787558714976', 310, 'The Scum Villain''s Self-Saving System Vol. 3', 'Mo Xiang Tong Xiu', 'BL', 'Sasithorn Phasuk', 'Pang Tida', '2019-06-20', '1st', 1, 20291231),
('9781408855677', 300, 'Harry Potter and the Prisoner of Azkaban Vol. 3', 'J.K. Rowling', 'Fantasy', NULL, 'Jim Kay', '1999-07-08', '1st', 1, 20281231),
('9781408855684', 310, 'Harry Potter and the Goblet of Fire Vol. 4', 'J.K. Rowling', 'Fantasy', NULL, 'Jim Kay', '2000-07-08', '1st', 1, 20281231),
('9781408855691', 320, 'Harry Potter and the Order of the Phoenix Vol. 5', 'J.K. Rowling', 'Fantasy', NULL, 'Jim Kay', '2003-06-21', '1st', 1, 20281231),
('9781638581959', 230, 'Re:Zero - Starting Life in Another World Vol. 1', 'Tappei Nagatsuki', 'Light Novel', 'Naoya Takayama', 'Shinichiro Otsuka', '2012-01-24', '1st', 1, 20291231),
('9781638581966', 240, 'Re:Zero - Starting Life in Another World Vol. 2', 'Tappei Nagatsuki', 'Light Novel', 'Naoya Takayama', 'Shinichiro Otsuka', '2012-06-20', '1st', 1, 20291231),
('9781974700715', 200, 'Demon Slayer: Kimetsu no Yaiba Vol. 1', 'Koyoharu Gotouge', 'Manga', NULL, 'N/A', '2016-06-03', '1st', 1, 20281231),
('9781974700722', 210, 'Demon Slayer: Kimetsu no Yaiba Vol. 2', 'Koyoharu Gotouge', 'Manga', NULL, 'N/A', '2016-09-02', '1st', 1, 20281231),
('9780062315008', 270, 'A Court of Thorns and Roses', 'Sarah J. Maas', 'Fantasy', NULL, 'N/A', '2015-05-05', '1st', 1, 20291231),
('9780062315015', 280, 'A Court of Mist and Fury', 'Sarah J. Maas', 'Fantasy', NULL, 'N/A', '2016-05-03', '1st', 1, 20291231),
('9780062315022', 290, 'A Court of Wings and Ruin', 'Sarah J. Maas', 'Fantasy', NULL, 'N/A', '2017-05-02', '1st', 1, 20291231),
('9780062315039', 300, 'A Court of Frost and Starlight', 'Sarah J. Maas', 'Fantasy', NULL, 'N/A', '2018-05-01', '1st', 1, 20291231),
('9781974700739', 220, 'Demon Slayer: Kimetsu no Yaiba Vol. 3', 'Koyoharu Gotouge', 'Manga', NULL, 'N/A', '2016-12-02', '1st', 1, 20281231),
('9781974700746', 225, 'Demon Slayer: Kimetsu no Yaiba Vol. 4', 'Koyoharu Gotouge', 'Manga', NULL, 'N/A', '2017-03-03', '1st', 1, 20281231),
('9781632364211', 220, 'Classroom of the Elite Vol. 1', 'Syougo Kinugasa', 'Light Novel', 'Naoya Takayama', 'Tomoseshunsaku', '2015-05-25', '1st', 1, 20291231),
('9781632364228', 230, 'Classroom of the Elite Vol. 2', 'Syougo Kinugasa', 'Light Novel', 'Naoya Takayama', 'Tomoseshunsaku', '2015-08-25', '1st', 1, 20291231),
('9781632364235', 235, 'Classroom of the Elite Vol. 3', 'Syougo Kinugasa', 'Light Novel', 'Naoya Takayama', 'Tomoseshunsaku', '2015-11-25', '1st', 1, 20291231),
('9781638581971', 240, '86 - Eighty-Six Vol. 1', 'Asato Asato', 'Light Novel', 'N/A', 'Shirabii', '2017-02-10', '1st', 1, 20291231),
('9781638581988', 245, '86 - Eighty-Six Vol. 2', 'Asato Asato', 'Light Novel', 'N/A', 'Shirabii', '2017-07-10', '1st', 1, 20291231),
('9781632364219', 220, 'Spy x Family Vol. 1', 'Tatsuya Endo', 'Manga', NULL, 'N/A', '2019-07-02', '1st', 1, 20291231),
('9781974709931', 215, 'Chainsaw Man Vol. 1', 'Tatsuki Fujimoto', 'Manga', NULL, 'N/A', '2019-10-01', '1st', 1, 20291231),
('9780062941504', 280, 'The Song of Achilles', 'Madeline Miller', 'Fiction', NULL, 'N/A', '2011-09-20', '1st', 1, 20291231),
('9780062358203', 270, 'Circe', 'Madeline Miller', 'Fiction', NULL, 'N/A', '2018-04-10', '1st', 1, 20291231),
('9780062457739', 260, 'They Both Die at the End', 'Adam Silvera', 'Fiction', NULL, 'N/A', '2017-09-05', '1st', 1, 20291231),
('9781250169441', 270, 'What If It''s Us', 'Adam Silvera & Becky Albertalli', 'Romance', NULL, 'N/A', '2018-10-09', '1st', 1, 20291231),
('9781250145773', 280, 'Here''s to Us', 'Adam Silvera & Becky Albertalli', 'Romance', NULL, 'N/A', '2021-12-28', '1st', 1, 20291231),
('9780375704025', 260, 'Norwegian Wood', 'Haruki Murakami', 'Fiction', NULL, 'N/A', '1987-09-04', '1st', 1, 20291231),
('9781250168345', 270, 'Call Me by Your Name', 'André Aciman', 'Romance', NULL, 'N/A', '2007-01-23', '1st', 1, 20291231),
('9781250169458', 275, 'Find Me', 'André Aciman', 'Romance', NULL, 'N/A', '2019-10-29', '1st', 1, 20291231),
('9781501161934', 280, 'The Seven Husbands of Evelyn Hugo', 'Taylor Jenkins Reid', 'Fiction', NULL, 'N/A', '2017-06-13', '1st', 1, 20291231),
('9781442408938', 260, 'Aristotle and Dante Discover the Secrets of the Universe', 'Benjamin Alire Sáenz', 'Fiction', NULL, 'N/A', '2012-02-21', '1st', 1, 20291231),
('9781534496195', 270, 'Aristotle and Dante Dive into the Waters of the World', 'Benjamin Alire Sáenz', 'Fiction', NULL, 'N/A', '2021-10-12', '1st', 1, 20291231),
('9780062315009', 270, 'We Were Liars', 'E. Lockhart', 'Fiction', NULL, 'N/A', '2014-05-13', '1st', 1, 20291231),
('9781524763139', 275, 'One of Us Is Lying', 'Karen M. McManus', 'Mystery', NULL, 'N/A', '2017-05-30', '1st', 1, 20291231),
('9780593483481', 270, 'One of Us Is Next', 'Karen M. McManus', 'Mystery', NULL, 'N/A', '2020-01-07', '1st', 1, 20291231),
('9780063076091', 280, 'Nothing More to Tell', 'Karen M. McManus', 'Mystery', NULL, 'N/A', '2022-08-30', '1st', 1, 20291231),
('9781501173220', 265, 'It Starts With Us', 'Colleen Hoover', 'Romance', NULL, 'N/A', '2022-10-18', '1st', 1, 20291231),
('9780593200731', 255, 'You''ve Reached Sam', 'Dustin Thao', 'Fiction', NULL, 'N/A', '2021-11-09', '1st', 1, 20291231),
('9781982149462', 260, 'People We Meet on Vacation', 'Emily Henry', 'Romance', NULL, 'N/A', '2021-05-11', '1st', 1, 20291231),
('9781648279176', 280, 'The Husky and His White Cat Shizun Vol. 1', 'Rou Bao Bu Chi Rou', 'BL', 'Sasithorn Phasuk', 'N/A', '2017-05-01', '1st', 1, 20291231),
('9781648279183', 285, 'The Husky and His White Cat Shizun Vol. 2', 'Rou Bao Bu Chi Rou', 'BL', 'Sasithorn Phasuk', 'N/A', '2017-09-01', '1st', 1, 20291231),
('9781648279200', 295, 'The Husky and His White Cat Shizun Vol. 3', 'Rou Bao Bu Chi Rou', 'BL', 'Sasithorn Phasuk', 'N/A', '2018-01-01', '1st', 1, 20291231),
('9780804172708', 270, 'Kafka on the Shore', 'Haruki Murakami', 'Fiction', NULL, 'N/A', '2002-09-12', '1st', 1, 20291231),
('9780307476464', 295, '1Q84', 'Haruki Murakami', 'Fiction', NULL, 'N/A', '2009-05-29', '1st', 1, 20291231),
('9780316229297', 255, 'Your Name', 'Makoto Shinkai', 'Romance', NULL, 'N/A', '2016-10-28', '1st', 1, 20291231),
('9780593181190', 260, 'Before the Coffee Gets Cold', 'Toshikazu Kawaguchi', 'Fiction', NULL, 'N/A', '2015-12-20', '1st', 1, 20291231),
('9780593135206', 265, 'Before the Coffee Gets Cold: Tales from the Cafe', 'Toshikazu Kawaguchi', 'Fiction', NULL, 'N/A', '2017-09-10', '1st', 1, 20291231),
('9781645059542', 260, 'Grandmaster of Demonic Cultivation: Mo Dao Zu Shi Vol. 1', 'Mo Xiang Tong Xiu', 'BL', 'Prangthip Wattanakul', 'N/A', '2015-12-12', '1st', 1, 20291231),
('9781645059559', 265, 'Grandmaster of Demonic Cultivation: Mo Dao Zu Shi Vol. 2', 'Mo Xiang Tong Xiu', 'BL', 'Prangthip Wattanakul', 'N/A', '2016-03-12', '1st', 1, 20291231),
('9781250047435', 280, 'To the Sky Kingdom', 'Tang Qi Gong Zi', 'Romance', 'Chanya Rattanasuk', 'N/A', '2015-01-05', '1st', 1, 20291231),
('9781250098932', 270, 'The Golden Age', 'Wang Xiaobo', 'Fiction', 'Wanwisa Chaisiri', 'N/A', '1992-05-12', '1st', 1, 20291231),
('9781638586140', 285, 'Guardian Vol. 1', 'Priest', 'BL', 'Sasithorn Phasuk', 'N/A', '2014-06-20', '1st', 1, 20291231),
('9781638586157', 290, 'Guardian Vol. 2', 'Priest', 'BL', 'Sasithorn Phasuk', 'N/A', '2015-03-20', '1st', 1, 20291231),
('9781250067877', 275, 'The Devotion of Suspect X', 'Keigo Higashino', 'Mystery', 'N/A', 'N/A', '2005-08-29', '1st', 1, 20291231),
('9780385352110', 270, 'Colorless Tsukuru Tazaki and His Years of Pilgrimage', 'Haruki Murakami', 'Fiction', NULL, 'N/A', '2013-04-12', '1st', 1, 20291231),
('9780307744434', 260, 'The Wind-Up Bird Chronicle', 'Haruki Murakami', 'Fiction', NULL, 'N/A', '1994-06-02', '1st', 1, 20291231),
('9780062315002', 255, 'All the Light We Cannot See', 'Anthony Doerr', 'Fiction', NULL, 'N/A', '2014-05-06', '1st', 1, 20291231),
('9780143039434', 250, 'Never Let Me Go', 'Kazuo Ishiguro', 'Fiction', NULL, 'N/A', '2005-03-03', '1st', 1, 20291231),
('9780307277673', 260, 'The Remains of the Day', 'Kazuo Ishiguro', 'Fiction', NULL, 'N/A', '1989-05-06', '1st', 1, 20291231),
('9786161834124', 260, 'The Happiness of Kati', 'Jane Vejjajiva', 'Fiction', NULL, 'N/A', '2003-07-12', '1st', 1, 20291231),
('9789744753083', 265, 'Time in a Bottle', 'Win Lyovarin', 'Fiction', NULL, 'N/A', '2001-05-01', '1st', 1, 20291231),
('9786168131011', 240, 'Silhouette of the Sun', 'Prayoon Chanyavong', 'Romance', NULL, 'N/A', '2010-06-10', '1st', 1, 20291231),
('9786169314727', 270, 'Love Beyond the Mekong', 'Ploychompoo Nithisorn', 'Romance', NULL, 'N/A', '2018-08-22', '1st', 1, 20291231),
('9786164972007', 275, 'Until We Meet Again', 'Lazysheep', 'BL', 'N/A', 'N/A', '2015-02-14', '1st', 1, 20291231),
('9786164972014', 270, 'Love Mechanics Vol. 1', 'Faddist', 'BL', 'N/A', 'N/A', '2016-04-01', '1st', 1, 20291231),
('9786164972021', 275, 'Love Mechanics Vol. 2', 'Faddist', 'BL', 'N/A', 'N/A', '2017-01-20', '1st', 1, 20291231),
('9786164972038', 260, 'Theory of Love', 'JittiRain', 'BL', 'N/A', 'N/A', '2017-09-10', '1st', 1, 20291231),
('9786164972045', 265, '2gether: The Series', 'JittiRain', 'BL', 'N/A', 'N/A', '2018-11-14', '1st', 1, 20291231),
('9786164972052', 260, 'I Told Sunset About You', 'Napat Ratanaporn', 'BL', 'N/A', 'N/A', '2020-05-19', '1st', 1, 20291231),
('9786168131111', 255, 'Paper Moon', 'Sasithorn Chavalit', 'Fiction', NULL, 'N/A', '2020-08-22', '1st', 1, 20291231),
('9786168131128', 260, 'Whisper of the Jasmine', 'Rintra Worasiri', 'Romance', NULL, 'N/A', '2021-03-10', '1st', 1, 20291231),
('9786168131135', 265, 'Bangkok Noir', 'Christopher G. Moore', 'Mystery', NULL, 'N/A', '2011-09-20', '1st', 1, 20291231),
('9786168131142', 250, 'Shadow on the Chao Phraya', 'Chanachai Srikulwong', 'Mystery', NULL, 'N/A', '2022-01-15', '1st', 1, 20291231),
('9786168131159', 245, 'River of Echoes', 'Rattana Phayomyong', 'Fiction', NULL, 'N/A', '2019-06-18', '1st', 1, 20291231),
('9786168131166', 260, 'A Tale from Ayutthaya', 'Nantawan Ploysri', 'Historical', NULL, 'N/A', '2016-04-12', '1st', 1, 20291231),
('9786168131173', 255, 'The Memory We Share', 'Pimchanok Saensuk', 'Romance', NULL, 'N/A', '2021-09-01', '1st', 1, 20291231),
('9786168131190', 260, 'Love Letter in the Rain', 'Thanapon Thongchai', 'Romance', NULL, 'N/A', '2020-02-14', '1st', 1, 20291231),
('9786168131197', 270, 'The Last Winter', 'Kanyarat Tansakul', 'Fiction', NULL, 'N/A', '2019-12-01', '1st', 1, 20291231),
('9786168131203', 265, 'Threads of Destiny', 'Supakorn Intanon', 'Romance', NULL, 'N/A', '2022-04-22', '1st', 1, 20291231);





INSERT INTO Member (MemberID, First_Name, Last_Name, Email, PhoneNumber, DOB) VALUES
(1, 'Somchai', 'Sukjai', 'somchai.sukjai1@example.com', '+66-81-234-1001', '1990-01-15'),
(2, 'Suthida', 'Thongdee', 'suthida.thongdee2@example.com', '+66-82-345-1002', '1992-03-22'),
(3, 'Prasert', 'Boonmee', 'prasert.boonmee3@example.com', '+66-83-456-1003', '1988-05-10'),
(4, 'Anong', 'Saelee', 'anong.saelee4@example.com', '+66-84-567-1004', '1995-07-18'),
(5, 'Kittipong', 'Jaidee', 'kittipong.jaidee5@example.com', '+66-85-678-1005', '1993-09-05'),
(6, 'Chanida', 'Phromphong', 'chanida.phromphong6@example.com', '+66-86-789-1006', '1989-11-12'),
(7, 'Apichat', 'Rattanakorn', 'apichat.rattanakorn7@example.com', '+66-87-890-1007', '1997-02-24'),
(8, 'Malai', 'Chansiri', 'malai.chansiri8@example.com', '+66-88-901-1008', '1991-06-30'),
(9, 'Thanakorn', 'Sriwilai', 'thanakorn.sriwilai9@example.com', '+66-89-012-1009', '1987-12-19'),
(10, 'Wilawan', 'Kongsak', 'wilawan.kongsak10@example.com', '+66-90-123-1010', '1994-04-03'),

(11, 'Nattapong', 'Srisawat', 'nattapong.srisawat11@example.com', '+66-81-234-1011', '1992-05-21'),
(12, 'Kanyarat', 'Thongchai', 'kanyarat.thongchai12@example.com', '+66-82-345-1012', '1990-08-11'),
(13, 'Wichai', 'Arunrat', 'wichai.arunrat13@example.com', '+66-83-456-1013', '1993-01-09'),
(14, 'Sirilak', 'Deejai', 'sirilak.deejai14@example.com', '+66-84-567-1014', '1988-07-15'),
(15, 'Boonsong', 'Phetnoi', 'boonsong.phetnoi15@example.com', '+66-85-678-1015', '1996-09-23'),
(16, 'Duangjai', 'Kanchana', 'duangjai.kanchana16@example.com', '+66-86-789-1016', '1991-12-01'),
(17, 'Manop', 'Chalerm', 'manop.chalerm17@example.com', '+66-87-890-1017', '1989-03-14'),
(18, 'Sunee', 'Jitdee', 'sunee.jitdee18@example.com', '+66-88-901-1018', '1994-11-30'),
(19, 'Chaiwat', 'Rojjana', 'chaiwat.rojjana19@example.com', '+66-89-012-1019', '1992-04-26'),
(20, 'Wipaporn', 'Tansiri', 'wipaporn.tansiri20@example.com', '+66-90-123-1020', '1995-10-09'),

(21, 'Preecha', 'Saensuk', 'preecha.saensuk21@example.com', '+66-81-234-1021', '1987-06-02'),
(22, 'Anchalee', 'Thongprasert', 'anchalee.thongprasert22@example.com', '+66-82-345-1022', '1990-09-19'),
(23, 'Adisak', 'Yamdee', 'adisak.yamdee23@example.com', '+66-83-456-1023', '1993-12-27'),
(24, 'Supaporn', 'Kaewjai', 'supaporn.kaewjai24@example.com', '+66-84-567-1024', '1992-01-15'),
(25, 'Chatchai', 'Noiwan', 'chatchai.noiwan25@example.com', '+66-85-678-1025', '1996-05-08'),
(26, 'Pimchanok', 'Sriwan', 'pimchanok.sriwan26@example.com', '+66-86-789-1026', '1994-07-12'),
(27, 'Rattana', 'Pongchai', 'rattana.pongchai27@example.com', '+66-87-890-1027', '1989-10-25'),
(28, 'Wasan', 'Thavorn', 'wasan.thavorn28@example.com', '+66-88-901-1028', '1991-11-20'),
(29, 'Suchada', 'Khamsai', 'suchada.khamsai29@example.com', '+66-89-012-1029', '1990-02-06'),
(30, 'Pranee', 'Sinsamut', 'pranee.sinsamut30@example.com', '+66-90-123-1030', '1988-08-14'),

(31, 'Surachai', 'Boonprakob', 'surachai.boonprakob31@example.com', '+66-81-234-1031', '1995-12-18'),
(32, 'Jintana', 'Phasuk', 'jintana.phasuk32@example.com', '+66-82-345-1032', '1992-03-07'),
(33, 'Phichit', 'Thongchai', 'phichit.thongchai33@example.com', '+66-83-456-1033', '1991-09-29'),
(34, 'Malee', 'Kaewsai', 'malee.kaewsai34@example.com', '+66-84-567-1034', '1993-05-25'),
(35, 'Boonmee', 'Sriwilai', 'boonmee.sriwilai35@example.com', '+66-85-678-1035', '1990-07-17'),
(36, 'Somporn', 'Nimnuan', 'somporn.nimnuan36@example.com', '+66-86-789-1036', '1987-11-05'),
(37, 'Worapong', 'Deesuk', 'worapong.deesuk37@example.com', '+66-87-890-1037', '1992-06-30'),
(38, 'Thidarat', 'Klangjai', 'thidarat.klangjai38@example.com', '+66-88-901-1038', '1996-04-11'),
(39, 'Arthit', 'Sriwong', 'arthit.sriwong39@example.com', '+66-89-012-1039', '1991-02-15'),
(40, 'Sasithorn', 'Phromdee', 'sasithorn.phromdee40@example.com', '+66-90-123-1040', '1994-09-27'),

(41, 'Niran', 'Wongsawat', 'niran.wongsawat41@example.com', '+66-81-234-1041', '1989-10-18'),
(42, 'Kusuma', 'Tansri', 'kusuma.tansri42@example.com', '+66-82-345-1042', '1990-12-25'),
(43, 'Pipat', 'Sangdee', 'pipat.sangdee43@example.com', '+66-83-456-1043', '1992-07-07'),
(44, 'Thanya', 'Chaisri', 'thanya.chaisri44@example.com', '+66-84-567-1044', '1995-05-16'),
(45, 'Anucha', 'Boonyarat', 'anucha.boonyarat45@example.com', '+66-85-678-1045', '1991-03-12'),
(46, 'Siriporn', 'Wattanakorn', 'siriporn.wattanakorn46@example.com', '+66-86-789-1046', '1988-01-22'),
(47, 'Kritsada', 'Srisuk', 'kritsada.srisuk47@example.com', '+66-87-890-1047', '1993-08-03'),
(48, 'Pailin', 'Chinnawat', 'pailin.chinnawat48@example.com', '+66-88-901-1048', '1996-06-28'),
(49, 'Yuthana', 'Petchdee', 'yuthana.petchdee49@example.com', '+66-89-012-1049', '1992-02-10'),
(50, 'Rungnapa', 'Kongdee', 'rungnapa.kongdee50@example.com', '+66-90-123-1050', '1994-11-14'),
-- 51–100 ต่อเนื่อง
(51, 'Chaiyut', 'Phanthong', 'chaiyut.phanthong51@example.com', '+66-81-234-1051', '1991-03-20'),
(52, 'Lalita', 'Wongdee', 'lalita.wongdee52@example.com', '+66-82-345-1052', '1990-06-11'),
(53, 'Phongsak', 'Kosit', 'phongsak.kosit53@example.com', '+66-83-456-1053', '1995-02-14'),
(54, 'Kannika', 'Thavorn', 'kannika.thavorn54@example.com', '+66-84-567-1054', '1987-12-09'),
(55, 'Rungroj', 'Maneewan', 'rungroj.maneewan55@example.com', '+66-85-678-1055', '1993-07-03'),
(56, 'Suwanna', 'Sriwan', 'suwanna.sriwan56@example.com', '+66-86-789-1056', '1992-08-15'),
(57, 'Jakrapong', 'Wongchai', 'jakrapong.wongchai57@example.com', '+66-87-890-1057', '1994-04-26'),
(58, 'Orathai', 'Kaewdee', 'orathai.kaewdee58@example.com', '+66-88-901-1058', '1996-05-18'),
(59, 'Veerasak', 'Sawasdee', 'veerasak.sawasdee59@example.com', '+66-89-012-1059', '1990-01-29'),
(60, 'Patchara', 'Thongrak', 'patchara.thongrak60@example.com', '+66-90-123-1060', '1991-09-07'),
(61, 'Ratchanee', 'Boonsri', 'ratchanee.boonsri61@example.com', '+66-81-234-1061', '1989-11-25'),
(62, 'Thavatchai', 'Prasert', 'thavatchai.prasert62@example.com', '+66-82-345-1062', '1993-10-21'),
(63, 'Chalita', 'Jinda', 'chalita.jinda63@example.com', '+66-83-456-1063', '1995-12-01'),
(64, 'Vichai', 'Phetdee', 'vichai.phetdee64@example.com', '+66-84-567-1064', '1988-02-12'),
(65, 'Siriwan', 'Yupa', 'siriwan.yupa65@example.com', '+66-85-678-1065', '1992-06-17'),
(66, 'Phanuphong', 'Khunmee', 'phanuphong.khunmee66@example.com', '+66-86-789-1066', '1994-07-28'),
(67, 'Wanida', 'Ratsamee', 'wanida.ratsamee67@example.com', '+66-87-890-1067', '1996-03-06'),
(68, 'Supot', 'Inthanon', 'supot.inthanon68@example.com', '+66-88-901-1068', '1991-04-16'),
(69, 'Chanikan', 'Srichai', 'chanikan.srichai69@example.com', '+66-89-012-1069', '1990-12-30'),
(70, 'Wuttichai', 'Somwang', 'wuttichai.somwang70@example.com', '+66-90-123-1070', '1995-09-11'),
(71, 'Noppawan', 'Saelim', 'noppawan.saelim71@example.com', '+66-81-234-1071', '1993-01-08'),
(72, 'Sakda', 'Phairoj', 'sakda.phairoj72@example.com', '+66-82-345-1072', '1989-05-25'),
(73, 'Jarunee', 'Khamsing', 'jarunee.khamsing73@example.com', '+66-83-456-1073', '1992-06-13'),
(74, 'Pravit', 'Phanmee', 'pravit.phanmee74@example.com', '+66-84-567-1074', '1991-07-19'),
(75, 'Rapeeporn', 'Sopha', 'rapeeporn.sopha75@example.com', '+66-85-678-1075', '1994-10-02'),
(76, 'Somyot', 'Thongbai', 'somyot.thongbai76@example.com', '+66-86-789-1076', '1992-02-11'),
(77, 'Kanchana', 'Meechai', 'kanchana.meechai77@example.com', '+66-87-890-1077', '1988-09-28'),
(78, 'Pranee', 'Sriwan', 'pranee.sriwan78@example.com', '+66-88-901-1078', '1993-04-09'),
(79, 'Winai', 'Srichai', 'winai.srichai79@example.com', '+66-89-012-1079', '1989-08-06'),
(80, 'Suwimon', 'Thongyai', 'suwimon.thongyai80@example.com', '+66-90-123-1080', '1990-06-23'),
(81, 'Surasak', 'Insee', 'surasak.insee81@example.com', '+66-81-234-1081', '1991-12-12'),
(82, 'Benjawan', 'Prapa', 'benjawan.prapa82@example.com', '+66-82-345-1082', '1995-01-03'),
(83, 'Preecha', 'Deejai', 'preecha.deejai83@example.com', '+66-83-456-1083', '1993-07-17'),
(84, 'Sakorn', 'Meechai', 'sakorn.meechai84@example.com', '+66-84-567-1084', '1987-11-26'),
(85, 'Nualchan', 'Yimdee', 'nualchan.yimdee85@example.com', '+66-85-678-1085', '1994-09-02'),
(86, 'Thammarat', 'Khongdee', 'thammarat.khongdee86@example.com', '+66-86-789-1086', '1992-08-20'),
(87, 'Wipa', 'Thongprasert', 'wipa.thongprasert87@example.com', '+66-87-890-1087', '1989-03-04'),
(88, 'Nopparat', 'Sriwong', 'nopparat.sriwong88@example.com', '+66-88-901-1088', '1990-10-15'),
(89, 'Chutima', 'Inthanon', 'chutima.inthanon89@example.com', '+66-89-012-1089', '1996-06-08'),
(90, 'Boonlert', 'Kongdee', 'boonlert.kongdee90@example.com', '+66-90-123-1090', '1991-02-19'),
(91, 'Suwit', 'Phromjai', 'suwit.phromjai91@example.com', '+66-81-234-1091', '1992-09-13'),
(92, 'Pornsawan', 'Khamdee', 'pornsawan.khamdee92@example.com', '+66-82-345-1092', '1988-07-11'),
(93, 'Chinnakrit', 'Petchdee', 'chinnakrit.petchdee93@example.com', '+66-83-456-1093', '1995-11-04'),
(94, 'Kanokwan', 'Sirisuk', 'kanokwan.sirisuk94@example.com', '+66-84-567-1094', '1993-05-28'),
(95, 'Arun', 'Meechai', 'arun.meechai95@example.com', '+66-85-678-1095', '1989-01-07'),
(96, 'Supansa', 'Deejai', 'supansa.deejai96@example.com', '+66-86-789-1096', '1991-06-30'),
(97, 'Chananan', 'Thongdee', 'chananan.thongdee97@example.com', '+66-87-890-1097', '1990-08-22'),
(98, 'Thawatchai', 'Sriwilai', 'thawatchai.sriwilai98@example.com', '+66-88-901-1098', '1987-04-18'),
(99, 'Nattida', 'Suksawat', 'nattida.suksawat99@example.com', '+66-89-012-1099', '1994-12-25'),
(100, 'Yongyut', 'Boonyarit', 'yongyut.boonyarit100@example.com', '+66-90-123-1100', '1992-03-16');


INSERT INTO Warehouse (WarehouseID, Publisher) VALUES
(1, 'Penguin Random'),
(2, 'HarperCollins'),
(3, 'Simon&Schuster'),
(4, 'Macmillan'),
(5, 'Hachette');

INSERT INTO WarehouseAddress (AddressID, WarehouseID, Street, City, Province, PostalCode) VALUES
(1, 1, '123 Sukhumvit Rd', 'Bangkok', 'Bangkok', 10110),
(2, 2, '45 Nimmanhaemin Rd', 'Chiang Mai', 'Chiang Mai', 50200),
(3, 3, '88 Pattaya Beach Rd', 'Pattaya', 'Chonburi', 20150),
(4, 4, '67 Central Plaza Rd', 'Khon Kaen', 'Khon Kaen', 40000),
(5, 5, '99 Phuket Town Rd', 'Phuket', 'Phuket', 83000);




INSERT INTO Orders (MemberID, OrderDate, ShippingDate, WarehouseID)
VALUES
(45, '2023-02-14', '2023-02-18', 3),
(12, '2023-05-03', '2023-05-07', 2),
(77, '2024-01-21', '2024-01-25', 5),
(33, '2024-03-15', '2024-03-20', 1),
(89, '2024-07-11', '2024-07-15', 4),
(5, '2025-02-02', '2025-02-06', 2),
(64, '2023-10-30', '2023-11-03', 3),
(21, '2024-09-12', '2024-09-17', 1),
(38, '2025-05-22', '2025-05-26', 5),
(96, '2024-11-18', '2024-11-23', 2),
(14, '2023-06-10', '2023-06-14', 1),
(52, '2023-08-22', '2023-08-27', 4),
(83, '2024-04-04', '2024-04-09', 2),
(27, '2025-01-12', '2025-01-17', 5),
(66, '2024-07-27', '2024-07-31', 3),
(19, '2025-03-01', '2025-03-06', 1),
(75, '2023-09-05', '2023-09-09', 5),
(8, '2024-05-14', '2024-05-18', 2),
(44, '2023-12-21', '2023-12-25', 4),
(32, '2024-06-11', '2024-06-16', 3),
(58, '2025-04-20', '2025-04-25', 2),
(9, '2024-02-19', '2024-02-24', 1),
(47, '2025-06-10', '2025-06-14', 5),
(13, '2023-11-09', '2023-11-13', 2),
(95, '2024-03-28', '2024-04-02', 4),
(4, '2024-09-17', '2024-09-21', 1),
(56, '2025-07-13', '2025-07-17', 3),
(31, '2023-04-29', '2023-05-03', 2),
(82, '2025-09-02', '2025-09-07', 5),
(60, '2024-12-15', '2024-12-20', 4),
(41, '2024-01-25', '2024-01-30', 5),
(50, '2023-03-12', '2023-03-16', 1),
(73, '2025-08-08', '2025-08-12', 4),
(11, '2024-06-03', '2024-06-08', 3),
(94, '2025-05-17', '2025-05-21', 2),
(28, '2024-09-30', '2024-10-04', 5),
(36, '2023-07-15', '2023-07-20', 1),
(67, '2024-02-22', '2024-02-27', 4),
(7, '2023-11-03', '2023-11-07', 3),
(85, '2025-01-28', '2025-02-01', 5),
(53, '2024-08-11', '2024-08-16', 2),
(20, '2023-05-26', '2023-05-30', 4),
(39, '2025-03-19', '2025-03-24', 1),
(17, '2024-07-05', '2024-07-09', 3),
(80, '2023-09-18', '2023-09-22', 4),
(23, '2025-06-29', '2025-07-03', 5),
(34, '2024-10-14', '2024-10-18', 1),
(63, '2025-02-05', '2025-02-09', 2),
(6, '2023-08-02', '2023-08-06', 5),
(71, '2024-05-23', '2024-05-28', 3),
(34, '2023-02-15', '2023-02-20', 3),
(78, '2024-04-01', '2024-04-06', 5),
(56, '2023-09-10', '2023-09-15', 2),
(11, '2025-01-25', '2025-01-30', 4),
(88, '2024-11-17', '2024-11-22', 1),
(67, '2023-06-29', '2023-07-04', 5),
(22, '2024-08-12', '2024-08-16', 3),
(91, '2025-05-05', '2025-05-09', 2),
(39, '2024-12-22', '2024-12-27', 4),
(2, '2025-01-10', '2025-01-15', 1),
(46, '2024-11-05', '2024-11-10', 2),
(84, '2023-09-19', '2023-09-24', 3),
(25, '2024-03-02', '2024-03-07', 4),
(10, '2023-06-13', '2023-06-18', 5),
(79, '2025-07-14', '2025-07-19', 2),
(61, '2024-10-11', '2024-10-16', 3),
(29, '2023-05-27', '2023-06-01', 4),
(97, '2025-03-23', '2025-03-28', 1),
(1, '2024-12-06', '2024-12-11', 5),
(54, '2023-08-29', '2023-09-03', 3),
(16, '2024-04-25', '2024-04-30', 1),
(92, '2023-10-18', '2023-10-22', 4),
(68, '2025-02-08', '2025-02-13', 5),
(35, '2023-12-09', '2023-12-14', 2),
(90, '2024-07-01', '2024-07-05', 4),
(26, '2025-05-18', '2025-05-23', 1),
(55, '2023-04-20', '2023-04-25', 5),
(81, '2024-09-07', '2024-09-11', 3),
(70, '2025-06-02', '2025-06-07', 2),
(18, '2024-03-09', '2024-03-13', 4),
(40, '2023-11-26', '2023-12-01', 1),
(59, '2025-01-31', '2025-02-05', 5),
(24, '2024-08-20', '2024-08-25', 3),
(93, '2023-07-11', '2023-07-16', 2),
(15, '2025-04-14', '2025-04-18', 1),
(65, '2024-06-21', '2024-06-26', 4),
(3, '2023-05-08', '2023-05-13', 5),
(49, '2024-02-03', '2024-02-08', 3),
(99, '2023-09-27', '2023-10-02', 1),
(30, '2025-03-07', '2025-03-12', 2),
(57, '2024-12-24', '2024-12-29', 5),
(86, '2025-07-24', '2025-07-29', 4),
(37, '2023-06-16', '2023-06-20', 3),
(48, '2024-10-22', '2024-10-27', 1),
(76, '2025-02-14', '2025-02-18', 2),
(98, '2023-11-30', '2023-12-04', 5),
(27, '2024-07-20', '2024-07-25', 3),
(63, '2025-04-27', '2025-05-02', 4),
(9, '2023-08-05', '2023-08-10', 1);


INSERT INTO OrdersDetail (OrderID, BookID, EBookID, Quantity)
VALUES
(1, 1023, NULL, 2),
(2, 1089, NULL, 1),
(3, 1012, NULL, 4),
(4, 1095, NULL, 3),
(5, 1048, NULL, 2),
(6, 1072, NULL, 5),
(7, 1008, NULL, 1),
(8, 1067, NULL, 3),
(9, 1050, NULL, 2),
(10, 1019, NULL, 4),
(11, 1035, NULL, 2),
(12, 1062, NULL, 3),
(13, 1090, NULL, 5),
(14, 1015, NULL, 1),
(15, 1044, NULL, 2),
(16, 1077, NULL, 4),
(17, 1028, NULL, 1),
(18, 1005, NULL, 2),
(19, 1085, NULL, 3),
(20, 1010, NULL, 5),
(21, 1098, NULL, 4),
(22, 1021, NULL, 1),
(23, 1059, NULL, 2),
(24, 1082, NULL, 3),
(25, 1065, NULL, 4),
(26, 1041, NULL, 5),
(27, 1074, NULL, 2),
(28, 1030, NULL, 3),
(29, 1053, NULL, 1),
(30, 1007, NULL, 5),
(31, 1087, NULL, 3),
(32, 1026, NULL, 2),
(33, 1047, NULL, 4),
(34, 1099, NULL, 1),
(35, 1014, NULL, 5),
(36, 1039, NULL, 3),
(37, 1057, NULL, 2),
(38, 1079, NULL, 4),
(39, 1002, NULL, 1),
(40, 1068, NULL, 3),
(41, 1080, NULL, 2),
(42, 1017, NULL, 4),
(43, 1043, NULL, 5),
(44, 1076, NULL, 3),
(45, 1024, NULL, 2),
(46, 1055, NULL, 1),
(47, 1009, NULL, 3),
(48, 1084, NULL, 4),
(49, 1033, NULL, 2),
(50, 1070, NULL, 5),
(51, 1012, NULL, 2),
(51, NULL, 5007, 2),
(52, 1045, NULL, 1),
(53, NULL, 5020, 3),
(54, 1078, NULL, 4),
(54, NULL, 5065, 4),
(55, 1032, NULL, 5),
(56, 1009, NULL, 1),
(56, NULL, 5001, 1),
(57, NULL, 5075, 2),
(58, 1094, NULL, 3),
(58, NULL, 5098, 3),
(59, 1016, NULL, 5);
INSERT INTO OrdersDetail (OrderID, BookID, EBookID, Quantity) VALUES
-- Order 60
(60, 1005, NULL, 2),
(60, NULL, 5007, 3),
(60, 1012, NULL, 1),

-- Order 61
(61, 1023, NULL, 2),
(61, NULL, 5011, 4),
(61, NULL, 5027, 1),

-- Order 62
(62, 1008, NULL, 3),
(62, 1045, NULL, 1),
(62, NULL, 5054, 2),

-- Order 63
(63, 1032, NULL, 5),
(63, NULL, 5076, 2),
(63, 1068, NULL, 3),

-- Order 64
(64, 1009, NULL, 4),
(64, NULL, 5042, 1),

-- Order 65
(65, NULL, 5050, 3),
(65, 1082, NULL, 2),
(65, 1004, NULL, 1),

-- Order 66
(66, 1029, NULL, 2),
(66, NULL, 5071, 3),
(66, 1077, NULL, 2),

-- Order 67
(67, NULL, 5012, 1),
(67, NULL, 5063, 4),
(67, 1007, NULL, 3),

-- Order 68
(68, 1049, NULL, 5),
(68, NULL, 5089, 2),

-- Order 69
(69, 1051, NULL, 1),
(69, NULL, 5038, 3),
(69, 1087, NULL, 2),

-- Order 70
(70, 1024, NULL, 2),
(70, 1063, NULL, 4),
(70, NULL, 5075, 3),

-- Order 71
(71, 1016, NULL, 3),
(71, NULL, 5095, 2),
(71, 1038, NULL, 1),

-- Order 72
(72, NULL, 5047, 4),
(72, 1083, NULL, 3),
(72, 1091, NULL, 2),

-- Order 73
(73, 1003, NULL, 1),
(73, NULL, 5022, 2),
(73, 1070, NULL, 4),

-- Order 74
(74, NULL, 5009, 5),
(74, 1041, NULL, 2),

-- Order 75
(75, 1094, NULL, 2),
(75, NULL, 5019, 3),
(75, NULL, 5080, 1),

-- Order 76
(76, 1018, NULL, 3),
(76, NULL, 5064, 2),

-- Order 77
(77, NULL, 5028, 5),
(77, 1031, NULL, 2),
(77, 1095, NULL, 3),

-- Order 78
(78, 1075, NULL, 4),
(78, NULL, 5090, 1),
(78, NULL, 5059, 2),

-- Order 79
(79, NULL, 5041, 2),
(79, 1020, NULL, 5),

-- Order 80
(80, 1060, NULL, 3),
(80, NULL, 5036, 1),
(80, 1011, NULL, 2),

-- Order 81
(81, 1084, NULL, 3),
(81, NULL, 5078, 4),

-- Order 82
(82, 1037, NULL, 1),
(82, 1006, NULL, 5),
(82, NULL, 5092, 3),

-- Order 83
(83, 1043, NULL, 2),
(83, NULL, 5010, 2),
(83, NULL, 5066, 3),

-- Order 84
(84, 1078, NULL, 5),
(84, NULL, 5088, 2),

-- Order 85
(85, NULL, 5025, 4),
(85, 1022, NULL, 3),
(85, 1002, NULL, 1),

-- Order 86
(86, 1066, NULL, 2),
(86, NULL, 5008, 1),
(86, 1088, NULL, 4),

-- Order 87
(87, NULL, 5044, 2),
(87, NULL, 5099, 3),
(87, 1055, NULL, 2),

-- Order 88
(88, 1039, NULL, 5),
(88, 1001, NULL, 1),
(88, NULL, 5034, 3),

-- Order 89
(89, 1047, NULL, 2),
(89, NULL, 5005, 4),

-- Order 90
(90, NULL, 5052, 1),
(90, 1071, NULL, 3),
(90, 1096, NULL, 2),

-- Order 91
(91, NULL, 5070, 3),
(91, 1089, NULL, 2),
(91, 1053, NULL, 1),

-- Order 92
(92, 1069, NULL, 4),
(92, NULL, 5018, 3),

-- Order 93
(93, 1090, NULL, 2),
(93, NULL, 5060, 5),
(93, 1028, NULL, 3),

-- Order 94
(94, NULL, 5049, 1),
(94, 1008, NULL, 2),

-- Order 95
(95, 1081, NULL, 4),
(95, NULL, 5056, 3),
(95, NULL, 5021, 2),

-- Order 96
(96, 1004, NULL, 5),
(96, NULL, 5094, 2),

-- Order 97
(97, 1092, NULL, 1),
(97, NULL, 5058, 3),
(97, 1025, NULL, 4),

-- Order 98
(98, NULL, 5083, 2),
(98, 1034, NULL, 1),
(98, 1009, NULL, 3),

-- Order 99
(99, 1085, NULL, 5),
(99, NULL, 5031, 2),
(99, 1013, NULL, 1);











INSERT INTO MemberAddress (AddressID, MemberID, Street, City, Province, PostalCode) VALUES
(1, 1, '123 Sukhumvit Rd', 'Bangkok', 'Bangkok', 10110),
(2, 2, '45 Ratchada Rd', 'Bangkok', 'Bangkok', 10400),
(3, 3, '88 Nimmanhaemin Rd', 'Chiang Mai', 'Chiang Mai', 50200),
(4, 4, '12 Pattaya Beach Rd', 'Pattaya', 'Chonburi', 20150),
(5, 5, '56 Klang Muang Rd', 'Khon Kaen', 'Khon Kaen', 40000),
(6, 6, '77 Mittraphap Rd', 'Nakhon Ratchasima', 'Nakhon Ratchasima', 30000),
(7, 7, '89 Phuket Town Rd', 'Phuket', 'Phuket', 83000),
(8, 8, '34 Hat Yai Rd', 'Hat Yai', 'Songkhla', 90110),
(9, 9, '22 Ayutthaya Rd', 'Ayutthaya', 'Phra Nakhon Si Ayutthaya', 13000),
(10, 10, '101 Tiwanon Rd', 'Nonthaburi', 'Nonthaburi', 11000),

(11, 11, '17 Silom Rd', 'Bangkok', 'Bangkok', 10500),
(12, 12, '234 Chang Klan Rd', 'Chiang Mai', 'Chiang Mai', 50100),
(13, 13, '56 Srichan Rd', 'Udon Thani', 'Udon Thani', 41000),
(14, 14, '89 Roi Et Rd', 'Roi Et', 'Roi Et', 45000),
(15, 15, '77 Surin Rd', 'Surin', 'Surin', 32000),
(16, 16, '45 Ubon Rd', 'Ubon Ratchathani', 'Ubon Ratchathani', 34000),
(17, 17, '90 Trang Rd', 'Trang', 'Trang', 92000),
(18, 18, '33 Lampang Rd', 'Lampang', 'Lampang', 52000),
(19, 19, '67 Mae Hong Son Rd', 'Mae Hong Son', 'Mae Hong Son', 58000),
(20, 20, '12 Hua Hin Rd', 'Hua Hin', 'Prachuap Khiri Khan', 77110),

(21, 21, '101 Phitsanulok Rd', 'Phitsanulok', 'Phitsanulok', 65000),
(22, 22, '77 Nakhon Pathom Rd', 'Nakhon Pathom', 'Nakhon Pathom', 73000),
(23, 23, '88 Suphan Buri Rd', 'Suphan Buri', 'Suphan Buri', 72000),
(24, 24, '34 Chachoengsao Rd', 'Chachoengsao', 'Chachoengsao', 24000),
(25, 25, '55 Rayong Rd', 'Rayong', 'Rayong', 21000),
(26, 26, '66 Chanthaburi Rd', 'Chanthaburi', 'Chanthaburi', 22000),
(27, 27, '77 Trat Rd', 'Trat', 'Trat', 23000),
(28, 28, '11 Chiang Rai Rd', 'Chiang Rai', 'Chiang Rai', 57000),
(29, 29, '22 Nakhon Sawan Rd', 'Nakhon Sawan', 'Nakhon Sawan', 60000),
(30, 30, '44 Kamphaeng Phet Rd', 'Kamphaeng Phet', 'Kamphaeng Phet', 62000),

(31, 31, '88 Tak Rd', 'Tak', 'Tak', 63000),
(32, 32, '33 Sukhothai Rd', 'Sukhothai', 'Sukhothai', 64000),
(33, 33, '22 Phrae Rd', 'Phrae', 'Phrae', 54000),
(34, 34, '19 Nan Rd', 'Nan', 'Nan', 55000),
(35, 35, '77 Phayao Rd', 'Phayao', 'Phayao', 56000),
(36, 36, '12 Mukdahan Rd', 'Mukdahan', 'Mukdahan', 49000),
(37, 37, '56 Kalasin Rd', 'Kalasin', 'Kalasin', 46000),
(38, 38, '23 Yasothon Rd', 'Yasothon', 'Yasothon', 35000),
(39, 39, '89 Amnat Rd', 'Amnat Charoen', 'Amnat Charoen', 37000),
(40, 40, '11 Bueng Kan Rd', 'Bueng Kan', 'Bueng Kan', 38000),

(41, 41, '45 Loei Rd', 'Loei', 'Loei', 42000),
(42, 42, '67 Nong Khai Rd', 'Nong Khai', 'Nong Khai', 43000),
(43, 43, '90 Sakon Nakhon Rd', 'Sakon Nakhon', 'Sakon Nakhon', 47000),
(44, 44, '22 Nakhon Phanom Rd', 'Nakhon Phanom', 'Nakhon Phanom', 48000),
(45, 45, '33 Prachinburi Rd', 'Prachinburi', 'Prachinburi', 25000),
(46, 46, '55 Sa Kaeo Rd', 'Sa Kaeo', 'Sa Kaeo', 27000),
(47, 47, '66 Buriram Rd', 'Buri Ram', 'Buri Ram', 31000),
(48, 48, '78 Sisaket Rd', 'Si Sa Ket', 'Si Sa Ket', 33000),
(49, 49, '99 Satun Rd', 'Satun', 'Satun', 91000),
(50, 50, '100 Krabi Rd', 'Krabi', 'Krabi', 81000),

(51, 51, '123 Rama 9 Rd', 'Bangkok', 'Bangkok', 10310),
(52, 52, '67 Hang Dong Rd', 'Chiang Mai', 'Chiang Mai', 50230),
(53, 53, '45 Udon Ratthaya Rd', 'Ayutthaya', 'Phra Nakhon Si Ayutthaya', 13160),
(54, 54, '32 Central Rd', 'Samut Prakan', 'Samut Prakan', 10270),
(55, 55, '11 Wong Sawang Rd', 'Nonthaburi', 'Nonthaburi', 11130),
(56, 56, '78 Donkaew Rd', 'Chiang Mai', 'Chiang Mai', 50300),
(57, 57, '99 Rattanathibet Rd', 'Nonthaburi', 'Nonthaburi', 11000),
(58, 58, '45 Muang Rd', 'Nakhon Si Thammarat', 'Nakhon Si Thammarat', 80000),
(59, 59, '22 Thep Kasattri Rd', 'Phuket', 'Phuket', 83110),
(60, 60, '67 Lak Si Rd', 'Bangkok', 'Bangkok', 10210),

(61, 61, '12 Naresuan Rd', 'Phitsanulok', 'Phitsanulok', 65000),
(62, 62, '34 Thammasat Rd', 'Pathum Thani', 'Pathum Thani', 12120),
(63, 63, '101 Mittraphap Rd', 'Khon Kaen', 'Khon Kaen', 40000),
(64, 64, '23 Ratchawong Rd', 'Bangkok', 'Bangkok', 10120),
(65, 65, '77 Tha Wang Rd', 'Surat Thani', 'Surat Thani', 84000),
(66, 66, '89 Yala Rd', 'Yala', 'Yala', 95000),
(67, 67, '55 Narathiwat Rd', 'Narathiwat', 'Narathiwat', 96000),
(68, 68, '90 Pattani Rd', 'Pattani', 'Pattani', 94000),
(69, 69, '44 Chumphon Rd', 'Chumphon', 'Chumphon', 86000),
(70, 70, '11 Ranong Rd', 'Ranong', 'Ranong', 85000),

(71, 71, '22 Trang Tavee Rd', 'Trang', 'Trang', 92000),
(72, 72, '33 Nakhon Nayok Rd', 'Nakhon Nayok', 'Nakhon Nayok', 26000),
(73, 73, '56 Phang Nga Rd', 'Phang Nga', 'Phang Nga', 82000),
(74, 74, '12 Mae Sot Rd', 'Tak', 'Tak', 63110),
(75, 75, '78 Uthai Thani Rd', 'Uthai Thani', 'Uthai Thani', 61000),
(76, 76, '23 Phichit Rd', 'Phichit', 'Phichit', 66110),
(77, 77, '45 Phetchabun Rd', 'Phetchabun', 'Phetchabun', 67000),
(78, 78, '99 Chaiyaphum Rd', 'Chaiyaphum', 'Chaiyaphum', 36000),
(79, 79, '88 Nakhon Phanom Rd', 'Nakhon Phanom', 'Nakhon Phanom', 48110),
(80, 80, '67 Yasothon Rd', 'Yasothon', 'Yasothon', 35110),

(81, 81, '11 Si Thep Rd', 'Phetchabun', 'Phetchabun', 67170),
(82, 82, '123 Phra Pradaeng Rd', 'Samut Prakan', 'Samut Prakan', 10130),
(83, 83, '32 Phasi Charoen Rd', 'Bangkok', 'Bangkok', 10160),
(84, 84, '45 Lat Krabang Rd', 'Bangkok', 'Bangkok', 10520),
(85, 85, '78 Chachoengsao Rd', 'Chachoengsao', 'Chachoengsao', 24110),
(86, 86, '56 Saraburi Rd', 'Saraburi', 'Saraburi', 18000),
(87, 87, '22 Lopburi Rd', 'Lopburi', 'Lopburi', 15000),
(88, 88, '19 Sing Buri Rd', 'Sing Buri', 'Sing Buri', 16000),
(89, 89, '11 Ang Thong Rd', 'Ang Thong', 'Ang Thong', 14000),
(90, 90, '34 Chainat Rd', 'Chainat', 'Chainat', 17000),

(91, 91, '45 Maha Sarakham Rd', 'Maha Sarakham', 'Maha Sarakham', 44150),
(92, 92, '77 Nong Bua Lamphu Rd', 'Nong Bua Lamphu', 'Nong Bua Lamphu', 39000),
(93, 93, '89 Samut Sakhon Rd', 'Samut Sakhon', 'Samut Sakhon', 74000),
(94, 94, '66 Samut Songkhram Rd', 'Samut Songkhram', 'Samut Songkhram', 75000),
(95, 95, '101 Nakhon Si Rd', 'Nakhon Si Thammarat', 'Nakhon Si Thammarat', 80230),
(96, 96, '22 Krabi Noi Rd', 'Krabi', 'Krabi', 81120),
(97, 97, '33 Satun Rd', 'Satun', 'Satun', 91120),
(98, 98, '44 Phatthalung Rd', 'Phatthalung', 'Phatthalung', 93000),
(99, 99, '55 Mukdahan Rd', 'Mukdahan', 'Mukdahan', 49110),
(100, 100, '88 Amnat Rd', 'Amnat Charoen', 'Amnat Charoen', 37210);







INSERT INTO Pre_Order (MemberID, OrderDate, ExpectedDeliveryDate, TrackStatus) VALUES
(5, '2025-01-05', '2025-01-12', 'Pending'),
(12, '2025-01-06', '2025-01-13', 'Processing'),
(20, '2025-01-07', '2025-01-14', 'Shipped'),
(7, '2025-01-08', '2025-01-15', 'Delivered'),
(25, '2025-01-09', '2025-01-16', 'Pending'),
(33, '2025-01-10', '2025-01-17', 'Processing'),
(41, '2025-01-11', '2025-01-18', 'Shipped'),
(18, '2025-01-12', '2025-01-19', 'Delivered'),
(29, '2025-01-13', '2025-01-20', 'Pending'),
(44, '2025-01-14', '2025-01-21', 'Processing'),
(2, '2025-01-15', '2025-01-22', 'Shipped'),
(9, '2025-01-16', '2025-01-23', 'Delivered'),
(15, '2025-01-17', '2025-01-24', 'Pending'),
(27, '2025-01-18', '2025-01-25', 'Processing'),
(38, '2025-01-19', '2025-01-26', 'Shipped'),
(6, '2025-01-20', '2025-01-27', 'Delivered'),
(22, '2025-01-21', '2025-01-28', 'Pending'),
(30, '2025-01-22', '2025-01-29', 'Processing'),
(11, '2025-01-23', '2025-01-30', 'Shipped'),
(19, '2025-01-24', '2025-01-31', 'Delivered'),
(23, '2025-01-25', '2025-02-01', 'Pending'),
(31, '2025-01-26', '2025-02-02', 'Processing'),
(40, '2025-01-27', '2025-02-03', 'Shipped'),
(17, '2025-01-28', '2025-02-04', 'Delivered'),
(8, '2025-01-29', '2025-02-05', 'Pending'),
(14, '2025-01-30', '2025-02-06', 'Processing'),
(21, '2025-01-31', '2025-02-07', 'Shipped'),
(37, '2025-02-01', '2025-02-08', 'Delivered'),
(50, '2025-02-02', '2025-02-09', 'Pending'),
(46, '2025-02-03', '2025-02-10', 'Processing'),
(32, '2025-02-04', '2025-02-11', 'Shipped'),
(13, '2025-02-05', '2025-02-12', 'Delivered'),
(3, '2025-02-06', '2025-02-13', 'Pending'),
(28, '2025-02-07', '2025-02-14', 'Processing'),
(42, '2025-02-08', '2025-02-15', 'Shipped'),
(36, '2025-02-09', '2025-02-16', 'Delivered'),
(10, '2025-02-10', '2025-02-17', 'Pending'),
(45, '2025-02-11', '2025-02-18', 'Processing'),
(39, '2025-02-12', '2025-02-19', 'Shipped'),
(26, '2025-02-13', '2025-02-20', 'Delivered'),
(1, '2025-02-14', '2025-02-21', 'Pending'),
(34, '2025-02-15', '2025-02-22', 'Processing'),
(4, '2025-02-16', '2025-02-23', 'Shipped'),
(16, '2025-02-17', '2025-02-24', 'Delivered'),
(24, '2025-02-18', '2025-02-25', 'Pending'),
(35, '2025-02-19', '2025-02-26', 'Processing'),
(48, '2025-02-20', '2025-02-27', 'Shipped'),
(49, '2025-02-21', '2025-02-28', 'Delivered'),
(43, '2025-02-22', '2025-03-01', 'Pending'),
(47, '2025-02-23', '2025-03-02', 'Processing'),
(6, '2025-02-24', '2025-03-03', 'Shipped'),
(8, '2025-02-25', '2025-03-04', 'Delivered'),
(12, '2025-02-26', '2025-03-05', 'Pending'),
(15, '2025-02-27', '2025-03-06', 'Processing'),
(18, '2025-02-28', '2025-03-07', 'Shipped'),
(22, '2025-03-01', '2025-03-08', 'Delivered'),
(27, '2025-03-02', '2025-03-09', 'Pending'),
(29, '2025-03-03', '2025-03-10', 'Processing'),
(30, '2025-03-04', '2025-03-11', 'Shipped'),
(33, '2025-03-05', '2025-03-12', 'Delivered'),
(37, '2025-03-06', '2025-03-13', 'Pending'),
(40, '2025-03-07', '2025-03-14', 'Processing'),
(42, '2025-03-08', '2025-03-15', 'Shipped'),
(45, '2025-03-09', '2025-03-16', 'Delivered'),
(46, '2025-03-10', '2025-03-17', 'Pending'),
(49, '2025-03-11', '2025-03-18', 'Processing'),
(50, '2025-03-12', '2025-03-19', 'Shipped'),
(1, '2025-03-13', '2025-03-20', 'Delivered'),
(3, '2025-03-14', '2025-03-21', 'Pending'),
(4, '2025-03-15', '2025-03-22', 'Processing'),
(7, '2025-03-16', '2025-03-23', 'Shipped'),
(9, '2025-03-17', '2025-03-24', 'Delivered'),
(11, '2025-03-18', '2025-03-25', 'Pending'),
(13, '2025-03-19', '2025-03-26', 'Processing'),
(16, '2025-03-20', '2025-03-27', 'Shipped'),
(19, '2025-03-21', '2025-03-28', 'Delivered'),
(21, '2025-03-22', '2025-03-29', 'Pending'),
(24, '2025-03-23', '2025-03-30', 'Processing'),
(26, '2025-03-24', '2025-03-31', 'Shipped'),
(28, '2025-03-25', '2025-04-01', 'Delivered'),
(32, '2025-03-26', '2025-04-02', 'Pending'),
(34, '2025-03-27', '2025-04-03', 'Processing'),
(36, '2025-03-28', '2025-04-04', 'Shipped'),
(38, '2025-03-29', '2025-04-05', 'Delivered'),
(39, '2025-03-30', '2025-04-06', 'Pending'),
(41, '2025-03-31', '2025-04-07', 'Processing'),
(43, '2025-04-01', '2025-04-08', 'Shipped'),
(44, '2025-04-02', '2025-04-09', 'Delivered'),
(47, '2025-04-03', '2025-04-10', 'Pending'),
(48, '2025-04-04', '2025-04-11', 'Processing'),
(2, '2025-04-05', '2025-04-12', 'Shipped'),
(6, '2025-04-06', '2025-04-13', 'Delivered'),
(10, '2025-04-07', '2025-04-14', 'Pending'),
(14, '2025-04-08', '2025-04-15', 'Processing'),
(18, '2025-04-09', '2025-04-16', 'Shipped'),
(22, '2025-04-10', '2025-04-17', 'Delivered'),
(27, '2025-04-11', '2025-04-18', 'Pending'),
(31, '2025-04-12', '2025-04-19', 'Processing'),
(35, '2025-04-13', '2025-04-20', 'Shipped'),
(50, '2025-04-14', '2025-04-21', 'Delivered');


INSERT INTO Pre_OrderDetail (PreOrderID, BookID, Quantity) VALUES
(1, 1001, 2),
(2, 1003, 1),
(3, 1004, 3),
(4, 1002, 1),
(5, 1005, 4),
(6, 1001, 2),
(7, 1006, 1),
(8, 1007, 5),
(9, 1008, 1),
(10, 1009, 2),
(11, 1010, 3),
(12, 1011, 2),
(13, 1012, 4),
(14, 1013, 1),
(15, 1014, 5),
(16, 1015, 1),
(17, 1001, 2),
(18, 1002, 3),
(19, 1003, 4),
(20, 1004, 2),
(21, 1005, 1),
(22, 1006, 5),
(23, 1007, 2),
(24, 1008, 3),
(25, 1009, 1),
(26, 1010, 2),
(27, 1011, 4),
(28, 1012, 1),
(29, 1013, 2),
(30, 1014, 5),
(31, 1015, 3),
(32, 1001, 1),
(33, 1002, 4),
(34, 1003, 2),
(35, 1004, 3),
(36, 1005, 1),
(37, 1006, 2),
(38, 1007, 5),
(39, 1008, 2),
(40, 1009, 4),
(41, 1010, 2),
(42, 1011, 3),
(43, 1012, 1),
(44, 1013, 5),
(45, 1014, 2),
(46, 1015, 1),
(47, 1001, 3),
(48, 1002, 4),
(49, 1003, 2),
(50, 1004, 1),
(51, 1005, 5),
(52, 1006, 2),
(53, 1007, 3),
(54, 1008, 1),
(55, 1009, 4),
(56, 1010, 2),
(57, 1011, 1),
(58, 1012, 2),
(59, 1013, 3),
(60, 1014, 1),
(61, 1015, 2),
(62, 1001, 5),
(63, 1002, 1),
(64, 1003, 2),
(65, 1004, 3),
(66, 1005, 4),
(67, 1006, 2),
(68, 1007, 1),
(69, 1008, 5),
(70, 1009, 2),
(71, 1010, 1),
(72, 1011, 4),
(73, 1012, 3),
(74, 1013, 2),
(75, 1014, 1),
(76, 1015, 5),
(77, 1001, 2),
(78, 1002, 4),
(79, 1003, 3),
(80, 1004, 1),
(81, 1005, 2),
(82, 1006, 3),
(83, 1007, 2),
(84, 1008, 1),
(85, 1009, 5),
(86, 1010, 2),
(87, 1011, 4),
(88, 1012, 3),
(89, 1013, 2),
(90, 1014, 1),
(91, 1015, 3),
(92, 1001, 1),
(93, 1002, 2),
(94, 1003, 5),
(95, 1004, 2),
(96, 1005, 1),
(97, 1006, 4),
(98, 1007, 2),
(99, 1008, 3),
(100, 1009, 2);


INSERT INTO Publisher (PublisherName, BookID, Editor) VALUES
('Penguin Random House', 1001, 'Alice Johnson'),
('HarperCollins', 1002, 'Michael Smith'),
('Simon & Schuster', 1003, 'Laura Davis'),
('Macmillan', 1004, 'Robert Brown'),
('Hachette', 1005, 'Sophia Wilson'),
('Scholastic', 1006, 'James Taylor'),
('Oxford University Press', 1007, 'Emma Martinez'),
('Cambridge University Press', 1008, 'David Anderson'),
('Pearson', 1009, 'Olivia Thomas'),
('Bloomsbury', 1010, 'Daniel Harris'),
('Vintage', 1011, 'Charlotte White'),
('Little, Brown', 1012, 'Henry Lewis'),
('Random House UK', 1013, 'Amelia Walker'),
('Pan Macmillan', 1014, 'Ethan Young'),
('Tor Books', 1015, 'Mia Scott');

INSERT INTO Receipt (PaymentMethod, PreOrderID, TaxID, Payee, TotalAmount)
SELECT 
  ELT(FLOOR(1 + RAND() * 4),
      'Credit Card', 'QR PromptPay', 'Bank Transfer', 'Cash on Delivery') AS PaymentMethod,
  p.PreOrderID,
  FLOOR(100000000 + RAND() * 900000000) AS TaxID,
  CONCAT(m.First_Name, ' ', m.Last_Name) AS Payee,
  SUM(b.Price * pod.Quantity) AS TotalAmount
FROM Pre_Order p
JOIN Member m ON p.MemberID = m.MemberID
JOIN Pre_OrderDetail pod ON p.PreOrderID = pod.PreOrderID
JOIN Book b ON b.BookID = pod.BookID
GROUP BY p.PreOrderID;


INSERT INTO Receipt_Detail (ReceiptNumber, ISBN, Title, Qty, Price, SubTotal)
SELECT 
  r.ReceiptNumber,
  b.ISBN,
  b.Title,
  od.Quantity,
  b.Price,
  (b.Price * od.Quantity)
FROM Receipt r
JOIN OrdersDetail od ON r.OrderID = od.OrderID
JOIN Book b ON b.BookID = od.BookID
WHERE r.OrderID IS NOT NULL

UNION ALL

SELECT 
  r.ReceiptNumber,
  b.ISBN,
  b.Title,
  pod.Quantity,
  b.Price,
  (b.Price * pod.Quantity)
FROM Receipt r
JOIN Pre_OrderDetail pod ON r.PreOrderID = pod.PreOrderID
JOIN Book b ON b.BookID = pod.BookID
WHERE r.PreOrderID IS NOT NULL;

 

INSERT INTO E_Receipt (OrderID, PaymentMethod, TaxID, Payee, TotalAmount)
SELECT 
  o.OrderID,
  ELT(FLOOR(1 + RAND() * 4),
      'Credit Card', 'QR PromptPay', 'Bank Transfer', 'E-Wallet') AS PaymentMethod,
  FLOOR(100000000 + RAND() * 900000000) AS TaxID,
  CONCAT(m.First_Name, ' ', m.Last_Name) AS Payee,
  SUM(eb.Price * od.Quantity) AS TotalAmount
FROM Orders o
JOIN Member m         ON o.MemberID = m.MemberID
JOIN OrdersDetail od  ON o.OrderID  = od.OrderID
JOIN E_Book eb        ON od.EBookID = eb.EBookID
WHERE od.EBookID IS NOT NULL
GROUP BY o.OrderID;

INSERT INTO E_Receipt_Detail (E_ReceiptNumber, ISBN, Title, Qty, Price, SubTotal)
SELECT 
  er.E_ReceiptNumber,
  eb.ISBN,
  eb.Title,
  od.Quantity,
  eb.Price,
  (eb.Price * od.Quantity) AS SubTotal
FROM E_Receipt er
JOIN Orders o        ON er.OrderID = o.OrderID
JOIN OrdersDetail od ON o.OrderID  = od.OrderID
JOIN E_Book eb       ON od.EBookID = eb.EBookID
WHERE od.EBookID IS NOT NULL;

SELECT
    er.E_ReceiptNumber,
    er.OrderID,
    er.Payee,
    m.Email AS MemberEmail,
    er.PaymentMethod,
    er.TotalAmount
FROM E_Receipt er
         LEFT JOIN Orders o ON er.OrderID = o.OrderID
         LEFT JOIN Member m ON o.MemberID = m.MemberID

UNION

SELECT
    er.E_ReceiptNumber,
    er.OrderID,
    er.Payee,
    m.Email AS MemberEmail,
    er.PaymentMethod,
    er.TotalAmount
FROM E_Receipt er
         RIGHT JOIN Orders o ON er.OrderID = o.OrderID
         RIGHT JOIN Member m ON o.MemberID = m.MemberID;



